bin,n,mean_pred,win_rate
"(-0.0001, 0.09028]",1213,0.04251238561705988,0.025556471558120363
"(0.09028, 0.3545]",1212,0.17449998089887933,0.1617161716171617
"(0.3545, 0.9946]",1234,0.8287558918979838,0.8525121555915721
"(0.9946, 0.9992]",2054,0.99828393560499,0.998539435248296
"(0.9992, 0.9998]",821,0.999742369002266,1.0
"(0.9998, 1.0]",5587,0.9999999666397487,1.0
