bin,n,mean_pred,win_rate
"(-0.0001, 0.08606]",1213,0.04229381750356974,0.028029678483099753
"(0.08606, 0.3588]",1212,0.17737709003222984,0.16254125412541254
"(0.3588, 0.9934]",1212,0.8266909993279262,0.8473597359735974
"(0.9934, 0.9991]",2038,0.9982040688653845,0.9985279685966634
"(0.9991, 0.9999]",1227,0.9997463345819114,0.9991850040749797
"(0.9999, 1.0]",5219,0.9999999484850193,1.0
