bin,n,mean_pred,win_rate
"(-0.0001, 0.1059]",1248,0.05427931342821202,0.04006410256410257
"(0.1059, 0.3138]",1182,0.1836540734831893,0.1785109983079526
"(0.3138, 0.9946]",1296,0.8270072001569096,0.8371913580246914
"(0.9946, 0.9992]",1857,0.998770073433364,0.9983844911147012
"(0.9992, 0.9998]",855,0.9996691759799192,1.0
"(0.9998, 1.0]",5683,0.9999999694967139,1.0
