bin,n,mean_pred,win_rate
"(-0.001, 0.106]",24,0.006316372845108148,0.0
"(0.106, 0.29]",4,0.20412171459121264,0.75
"(0.29, 0.502]",4,0.40575396825396826,0.5
"(0.502, 0.606]",4,0.5602870531927145,0.25
"(0.606, 0.829]",4,0.7163469690596469,0.5
