bin,n,mean_pred,win_rate
"(0.443, 0.606]",1,0.4444444444444444,0.0
"(0.606, 0.725]",1,0.6463297893751644,0.0
"(0.725, 0.854]",1,0.7777777777777777,1.0
"(0.854, 0.974]",1,0.9675296614270653,1.0
"(0.974, 1.0]",5,1.0,1.0
