bin,n,mean_pred,win_rate
"(-0.001, 0.15]",36,0.00606419829731407,0.0
"(0.15, 0.526]",14,0.4741335902987921,0.2857142857142857
"(0.526, 0.571]",5,0.5586861836754321,0.6
"(0.571, 0.621]",5,0.6212121212121212,0.8
