segment_field,segment_value,n,win_rate,avg_p_win,precision,recall,f1
Opportunity Record Type,Upsell,73,0.2328767123287671,0.2035369170632679,0.0,0.0,0.0
Opportunity Record Type,New Business,67,0.16417910447761194,0.15259589332542403,0.0,0.0,0.0
Opportunity Record Type,Renewal,60,0.13333333333333333,0.17706960176644496,0.0,0.0,0.0
Sale Type,New,70,0.21428571428571427,0.19602757834286652,0.0,0.0,0.0
Sale Type,Renewal,59,0.2033898305084746,0.1812042715370791,0.0,0.0,0.0
Sale Type,Expansion,71,0.1267605633802817,0.1590607521087372,0.0,0.0,0.0
