segment_field,segment_value,n,win_rate,avg_p_win,precision,recall,f1
Account Region,Unknown,10,1.0,0.9232349983045267,1.0,0.8,0.8888888888888888
Account Region,EMEA,17329,0.5026256564141035,0.5132536898659866,0.9649863421902161,0.4461538461538462,0.6101907827588914
Account Region,APAC,5154,0.47943344974776875,0.49736211641177724,0.9681857265692175,0.4556859571023877,0.6197028068244359
Account Region,NAM,19983,0.4573887804633939,0.4424112171736747,0.963466868228773,0.41838074398249453,0.5834159737584865
