segment_field,segment_value,n,win_rate,avg_p_win,precision,recall,f1
Account Region,APAC,68,0.25,0.23354973226354916,0.0,0.0,0.0
Account Region,EMEA,63,0.1746031746031746,0.18425655861461254,0.0,0.0,0.0
Account Region,AMER,69,0.11594202898550725,0.11908334663430042,0.0,0.0,0.0
Assigned to Region,APAC,68,0.25,0.23354973226354916,0.0,0.0,0.0
Assigned to Region,EMEA,63,0.1746031746031746,0.18425655861461254,0.0,0.0,0.0
Assigned to Region,AMER,69,0.11594202898550725,0.11908334663430042,0.0,0.0,0.0
