segment_field,segment_value,n,win_rate,avg_p_win,precision,recall,f1
Account Region,APAC,68,0.25,0.25515395817079517,1.0,0.9411764705882353,0.9696969696969697
Account Region,EMEA,63,0.1746031746031746,0.1744512123126751,1.0,0.8181818181818182,0.9
Account Region,AMER,69,0.11594202898550725,0.12160333678404556,1.0,0.625,0.7692307692307693
Assigned to Region,APAC,68,0.25,0.25515395817079517,1.0,0.9411764705882353,0.9696969696969697
Assigned to Region,EMEA,63,0.1746031746031746,0.1744512123126751,1.0,0.8181818181818182,0.9
Assigned to Region,AMER,69,0.11594202898550725,0.12160333678404556,1.0,0.625,0.7692307692307693
