segment_field,segment_value,n,win_rate,avg_p_win,precision,recall,f1
Region x SaleType,APAC | New,26,0.34615384615384615,0.2906764532423231,0.0,0.0,0.0
Region x SaleType,EMEA | Renewal,21,0.2857142857142857,0.19647903773681538,0.0,0.0,0.0
Region x SaleType,APAC | Expansion,21,0.23809523809523808,0.19623628404750731,0.0,0.0,0.0
Region x SaleType,AMER | Renewal,17,0.17647058823529413,0.13895059903477955,0.0,0.0,0.0
Region x SaleType,AMER | New,27,0.14814814814814814,0.1484293892525707,0.0,0.0,0.0
Region x SaleType,APAC | Renewal,21,0.14285714285714285,0.2001348592677758,0.0,0.0,0.0
Region x SaleType,EMEA | Expansion,25,0.12,0.21301416841466486,0.0,0.0,0.0
Region x SaleType,EMEA | New,17,0.11764705882352941,0.12686759940475567,0.0,0.0,0.0
Region x SaleType,AMER | Expansion,25,0.04,0.0738798889742427,0.0,0.0,0.0
