segment_field,segment_value,n,win_rate,avg_p_win,precision,recall,f1
Region x SaleType,APAC | New,26,0.34615384615384615,0.32857390136120773,1.0,1.0,1.0
Region x SaleType,EMEA | Renewal,21,0.2857142857142857,0.23245830078408464,1.0,0.8333333333333334,0.9090909090909091
Region x SaleType,APAC | Expansion,21,0.23809523809523808,0.26537783845528423,1.0,1.0,1.0
Region x SaleType,AMER | Renewal,17,0.17647058823529413,0.20950174750244133,1.0,0.6666666666666666,0.8
Region x SaleType,AMER | New,27,0.14814814814814814,0.14155342807798998,1.0,0.75,0.8571428571428571
Region x SaleType,APAC | Renewal,21,0.14285714285714285,0.15402919584103344,1.0,0.6666666666666666,0.8
Region x SaleType,EMEA | Expansion,25,0.12,0.16662702741675361,1.0,1.0,1.0
Region x SaleType,EMEA | New,17,0.11764705882352941,0.11430155140081848,1.0,0.5,0.6666666666666666
Region x SaleType,AMER | Expansion,25,0.04,0.04028631889807649,0.0,0.0,0.0
