segment_field,segment_value,n,win_rate,avg_p_win,precision,recall,f1
Account Region,NAM,15778,0.8107491443782482,0.8115499623184919,0.9521437198067633,0.9860850531582239,0.9688172043010753
Account Region,EMEA,19462,0.8039255986024046,0.8036999632614789,0.9568799950436776,0.9871532660104819,0.9717809167269639
Account Region,APAC,5145,0.7811467444120506,0.7847643414504433,0.95987430505197,0.9880567305299826,0.9737616478666012
Account Region,Unknown,13,0.0,0.033937335324784115,0.0,0.0,0.0
Assigned to Region,Yes,40398,0.8034308629140057,0.8041065823203579,0.9553494198705521,0.9868441322364975,0.9708414161008729
