segment_field,segment_value,n,win_rate,avg_p_win,precision,recall,f1
Account Region,Unknown,10,1.0,0.9246913872809055,1.0,0.8,0.8888888888888888
Account Region,EMEA,17329,0.5026256564141035,0.5130019674897172,0.9653788258906172,0.4417910447761194,0.6061751732829238
Account Region,APAC,5154,0.47943344974776875,0.49731307220796495,0.9680759275237274,0.45406717927964385,0.6181818181818182
Account Region,NAM,19983,0.4573887804633939,0.44246857840411075,0.9637423935091278,0.41586433260393874,0.5810149801284011
