segment_field,segment_value,n,win_rate,avg_p_win,precision,recall,f1
Opportunity Record Type,Upsell,73,0.2328767123287671,0.23399751865216165,1.0,0.9411764705882353,0.9696969696969697
Opportunity Record Type,New Business,67,0.16417910447761194,0.14731791853735793,1.0,0.7272727272727273,0.8421052631578947
Opportunity Record Type,Renewal,60,0.13333333333333333,0.16299010609668277,1.0,0.75,0.8571428571428571
Sale Type,New,70,0.21428571428571427,0.20439986239015778,1.0,0.8666666666666667,0.9285714285714286
Sale Type,Renewal,59,0.2033898305084746,0.19792825655371157,1.0,0.75,0.8571428571428571
Sale Type,Expansion,71,0.1267605633802817,0.15134884880889748,1.0,0.8888888888888888,0.9411764705882353
