segment_field,segment_value,n,win_rate,avg_p_win,precision,recall,f1
Account Region,NAM,15778,0.8107491443782482,0.8116623032961571,0.9549081601927131,0.991635397123202,0.9729252952906887
Account Region,EMEA,19462,0.8039255986024046,0.8041503807098712,0.95863476163977,0.9909241978780519,0.9745120839749835
Account Region,APAC,5145,0.7811467444120506,0.7837986852573052,0.9616497829232996,0.9920378203533218,0.9766074709124312
Account Region,Unknown,13,0.0,0.045685037110860534,0.0,0.0,0.0
Assigned to Region,Yes,40398,0.8034308629140057,0.8042482467427485,0.9575050589215569,0.9913423914717935,0.9741299707845779
